FECHA;O/C;PROVEEDOR;N. FACTURA;DEPARTAMENTO;DESCRIPCION;USUARIO FINAL;VALOR SIN IVA;
2018-07-09;N/A;MERCAFACIL INDUSTRIAL S.A.S. ;19528;GESTION DE SERVICIO AL CLIENTE;CABLE THHN Y CAJA DE EMPALME , ADECUACION BODEGA ;MANTENIMIENTO Y ADECUACION BODEGAS;93564;
2018-07-12;N/A;INDUSTRIAL DE ALIMENTOS FLOREZ Y CIA S.A.S. ; 093607;GESTION MONFORTS;ALIMENTACION TRABAJOS FABRICATO;ALIMENTACION;7800;
;;;;;;;;
;;;;;;;;
2018-07-05;N/A;NDUSTRIAL DE ALIMENTOS FLOREZ Y CIA S.A.S. ; 093058;GESTION MONFORTS;ALIMENTACION TRABAJO FABRICATO;ALIMENTACION;23400;
2018-07-09;N/A;JUAN DAVID RAMIREZ RAMIREZ FACTURA ;545823;GESTION MONFORTS;ALIMENTACION CADENA KRANTZ FABRICATO;ALIMENTACION;20500;
2018-07-09;4873;LUIS HERRERA VARGAS ;FACTURA 48910;GESTION DE SERVICIO AL CLIENTE;CONTECTOR;INVENTARIO ;4000;
2018-07-17;N/A;INDUSTRIAL DE ALIMENTOS FLOREZ Y CIA S.A.S. ; 093947;GESTION MONFORTS;ALIMENTACIO  TRABAJO FABRICATO MAURICIO MARTINEZ;ALIMENTACION;39000;
2018-07-16;N/A;INDUSTRIAL DE ALIMENTOS FLOREZ Y CIA S.A.S. ; 093812;GESTION MONFORTS;ALIMENTACION TRABAJO FABRICATO FERNANDO BONILLA;ALIMENTACION;7800;
2018-07-04;N/A;Expediente: MARIA NOHELIA PUERTA YEPES ; 30471;GESTION MONFORTS;ALIMENTA CION CADENA KRANTZ FABRICATO;MANTENIMIENTO CADENA;9500;
2018-07-11;N/A;INDUSTRIAL DE ALIMENTOS FLOREZ Y CIA S.A.S. ; 093488;GESTION MONFORTS;ALIMENTACION TRABAJOS FABRICATO;ALIMENTACION;12600;
2018-07-24;N/A;ARGIRO DE JESUS PENAGOS BEDOYA ; 244687;GESTION DEL TALENTO HUMANO;ROTULOS PARA INVENTARIO ALMACEN;PAPELERIA / ASEO ;12605;
2018-07-12;N/A;INDUSTRIAL DE ALIMENTOS FLOREZ Y CIA S.A.S. ; 093618;GESTION MONFORTS;ALIMENTACION TRABAJO FABRICATO;ALIMENTACION;6000;
2018-07-04;4857;INFORMATICA PROFESIONAL IPL S.A.S; MD 15872;GESTION DE ALMACEN;DOS REGULADORES PARA INVENTARIO;INVENTARIO ;840000;
2018-07-20;N/A;DHL EXPRESS COLOMBIA LTDA ; IBE263737;GESTION DE ALMACEN;ENVIO DE LEVAS A E-HWA;TRANSPORTE Y MOVIMIENTO;265541;
2018-07-16;N/A;INDUSTRIAL DE ALIMENTOS FLOREZ Y CIA S.A.S. ; 093820;GESTION MONFORTS;ALIMENTACION TRABAJO FABRICATO FERNANDO BONILLA;ALIMENTACION;3200;
2018-07-16;N/A;DEJENOS SERVIRLE S.A.S. ; M 1108248;GESTION DEL TALENTO HUMANO;PARQUEADERO JAIRO ZAPATA;TRANSPORTE Y MOVIMIENTO;1550;
2018-07-09;N/A;JAIME ALBERTO ALVAREZ TOBON;FE 2396;GESTION DEL TALENTO HUMANO;EXAMEN MEDICO ;GASTOS MEDICOS;124000;
2018-01-07;4861;PARQUE DE BODEGAS LA REGIONAL P.H. ;CUENTA DE COBRO 0000007366;GESTION DE COMPRAS Y COMERCIO EXTERIOR;ADMINISTRACION  DE LAS BODEGAS;HONORARIOS OTROS ADMINISTRACION ;428033;
2018-07-24;N/A;COMERCIALIZADORA EL SUPERCOMBATE S.A.S ; PI 3034021;GESTION DEL TALENTO HUMANO;PARQUEADERO JAIRO ZAPATA;TRANSPORTE Y MOVIMIENTO;1500;
2018-07-12;N/A;INDUSTRIAL DE ALIMENTOS FLOREZ Y CIA S.A.S. ; 093619;GESTION MONFORTS;ALIMENTACION TRABAJO FABRICATO;ALIMENTACION;6000;
2018-07-18;N/A;INDUSTRIAL DE ALIMENTOS FLOREZ Y CIA S.A.S.; 094028;GESTION MONFORTS;ALIMENTACION TRABAJO FABRICATO FERNANDO BONILLA;ALIMENTACION;1800;
2018-07-12;N/A;INDUSTRIAL DE ALIMENTOS FLOREZ Y CIA S.A.S. ; 093610;GESTION MONFORTS;ALIMENTACION TRABAJO FABRICATO;ALIMENTACION;7800;
2018-07-12;4882;DATECSA S.A. ;3 74581;GESTION DE LAS TICS;CARTUCHO TONER KYOCERA;EQUIPO DE COMPUTO Y COMUNICACION;419554;
2018-07-12;N/A;PATRIMONIOS AUTONOMOS FIDUCIARIA BOGOTA S.A ; 0005446573;GESTION MONFORTS;PEAJE VIATICOS VISITA CLIENTE CRYSTAL;TRANSPORTE Y MOVIMIENTO;11000;
2018-07-11;N/A;DEJENOS SERVIRLE S.A.S.; M 1106728;GESTION DEL TALENTO HUMANO;PARQUEADERO MOTO JAIRO;TRANSPORTE Y MOVIMIENTO;700;
2018-07-04;N/A;MARIA NOHELIA PUERTA YEPES ; 30546;GESTION MONFORTS;ALIMENTACION CADENA KRANTZ;MANTENIMIENTO CADENA;15200;
2018-07-10;4878;DYNAMIC ELECTRONICS S.A.S. ;50511;GESTION DE ALMACEN;CABLE POLO A TIERRA;INVENTARIO ;45714;
2018-07-09;N/A;INDUSTRIAL DE ALIMENTOS FLOREZ Y CIA S.A.S. ; 093267;GESTION MONFORTS;ALIMENTACION TRABAJO FABRICATO ;ALIMENTACION;4400;
2018-07-17;N/A;ANTONIO ALBERTO MEJIA MEJIA ; 17072018;GESTION DEL TALENTO HUMANO;PARQUEADERO JAIRO ZAPATA;TRANSPORTE Y MOVIMIENTO;1200;
2018-07-23;N/A;LUZ MARLLY DEL SOCORRO MEJIA MONTOYA ; 657936;GESTION DE LAS TICS;CADENA Y CANDADO PARA ASEGURAR  NAS;OTROS;10500;
2018-07-05;N/A;INDUSTRIAL DE ALIMENTOS FLOREZ Y CIA S.A.S. ; 093067;GESTION MONFORTS;ALIMENTACION TRABAJO FABRICATO ;ALIMENTACION;1400;
2018-07-12;N/A;MARIA NOHELIA PUERTA YEPES ; 34059;GESTION MONFORTS;ALIMENTACION CADENA KRANTZ FABRICATO ;ALIMENTACION;9800;
2018-07-11;N/A;ABRASIVOS DE COLOMBIA S.A. ; MD 13513;GESTION MONFORTS;GRATA DE 8";MANTENIMIENTO CADENA;60770;
2018-07-06;N/A;MARIA NOHELIA PUERTA YEPES ; 31470;GESTION DEL TALENTO HUMANO;REFRIGERIO SEMINARIO 5 ESES;ALIMENTACION;6500;
2018-07-18;N/A;KOBA COLOMBIA S.A.S ; F577 073252;;SERVILLETAS;PAPELERIA / ASEO ;15200;
2018-07-09;N/A;INDUSTRIAL DE ALIMENTOS FLOREZ Y CIA S.A.S. ; 093276;GESTION MONFORTS;ALIMENTACION TRABAJO FABRICATO ;ALIMENTACION;3200;
2018-07-18;N/A;INDUSTRIAL DE ALIMENTOS FLOREZ Y CIA S.A.S. ; 094030;GESTION MONFORTS;ALIMENTACION TRABAJO FABRICATO FERNANDO BONILLA;ALIMENTACION;5900;
2018-07-05;N/A;MARIA BELARMINA GARCIA LOAIZA; 47700;GESTION DEL TALENTO HUMANO;PARQUEADERO;TRANSPORTE Y MOVIMIENTO;600;
2018-07-09;N/A;INDUSTRIAL DE ALIMENTOS FLOREZ Y CIA S.A.S. ; 093319;GESTION MONFORTS;ALIMETNACION TRABAJOS FABRICATO ;ALIMENTACION;31200;
2018-07-10;N/A;MARIA NOHELIA PUERTA YEPES;33306;GESTION MONFORTS;ALIMENTACION TRABAJOS FABRICATO;ALIMENTACION;12000;
2018-07-03;N/A;INDUSTRIAL DE ALIMENTOS FLOREZ Y CIA S.A.S.; 092856;GESTION MONFORTS;ALIMENTACION TRABAJOS FABRICATO ;ALIMENTACION;15600;
2018-07-13;N/A;UBEIMAR DE JESUS CARDONA PATINO ; 13072018;GESTION GERENCIAL;PRESTACION DE SERVICIOS LIMPIEZA MAQUINARIA TEXTIL;HONORARIOS OTROS ADMINISTRACION ;1065000;
2018-07-03;N/A;TECNOHIGIENE DE COLOMBIA S.A.S ;M 41215;GESTION DEL TALENTO HUMANO;AROMATIZADORES Y DESODORIZADORES ;PAPELERIA / ASEO ;363929;
2018-07-06;N/A;INDUSTRIAL DE ALIMENTOS FLOREZ Y CIA S.A.S. ;IND 093200;GESTION MONFORTS;ALIMENTACION TRABAJO FABRICATO ;ALIMENTACION;7800;
2018-07-09;N/A;INDUSTRIAL DE ALIMENTOS FLOREZ Y CIA S.A.S. ; 093311;GESTION MONFORTS;ALIMENTACION TRABAJO FABRICATO;ALIMENTACION;15600;
2018-07-16;N/A;INDUSTRIAL DE ALIMENTOS FLOREZ Y CIA S.A.S. ; 093819;GESTION MONFORTS;ALIMENTACION TRABAJO FABRICATO FERNANDO BONILLA;ALIMENTACION;15600;
2018-07-10;N/A;MARIA NOHELIA PUERTA YEPES ; 33037;GESTION MONFORTS;ALIMENTACION CADENA  KRANTZ FABRICATO;ALIMENTACION;27200;
2018-07-09;N/A;RUTH ALICIA BERNAL ARCILA ; 09072018;GESTION MONFORTS;ALIMENTACION CADENA KRANTZ FABRICATO;ALIMENTACION;34300;
2018-07-12;N/A;INDUSTRIAL DE ALIMENTOS FLOREZ Y CIA S.A.S. F; 093563;GESTION MONFORTS;ALIMENTACION VIATICOS VISITA CLIENTES BOGOTA WILSON PELAEZ;ALIMENTACION;5600;
2018-07-04;4867;CORTA LASER S.A.S ;FACTURA 00001289;GESTION MONFORTS;PLOTTER;LINEA MONFORTS/FONGS;68400;
2018-07-07;N/A;INDUSTRIAL DE ALIMENTOS FLOREZ Y CIA S.A.S. ; 5203262;GESTION MONFORTS;ALIMENTACION  CADENA KRANTZ  FABRICATO;ALIMENTACION;7800;
2018-07-12;N/A;MONTERREY GRAN CENTRO COMERCIAL -P.H.- ; PPS 15786;GESTION DEL TALENTO HUMANO;PARQUEADERO MOTO JAIRO;TRANSPORTE Y MOVIMIENTO;1500;
2018-07-04;4868;A SELLASEG INGENIERIA S.A.S. ;FACTURA 59589;GESTION DE ALMACEN;NIVELADORES DE BARRA;INVENTARIO ;99000;
;;;;;;;;
2018-07-09;4899;S.M TECNOLOGIA Y SUMINISTROS SAS ;3113;GESTION DE LAS TICS;MOUSE ERGONOMICO ALMACEN, PRESIDENCIA Y RECPECION ;EQUIPO DE COMPUTO Y COMUNICACION;402000;
2018-07-07;N/A;DEJENOS SERVIRLE S.A.S. ; M 1106364;GESTION DEL TALENTO HUMANO;PARQUEADERO ;TRANSPORTE Y MOVIMIENTO;850;
2018-07-04;4865;AUTO GRUAS LA BAYADERA S.A.S ; 5795;GESTION MONFORTS;transporte cadena KRANTZ;MANTENIMIENTO CADENA;210000;
2018-07-04;N/A ;COSAS DE CASA S.A.S FACTURA SAS ;00002314;GESTION DEL TALENTO HUMANO;DOTACION LUZ DARY ;DOTACION ;100840;
2018-07-09;N/A;INDUSTRIAL DE ALIMENTOS FLOREZ Y CIA S.A.S.; 093300;GESTION MONFORTS;ALIMENTACION TRABAJOS FABRICATO;ALIMENTACION;7800;
2018-07-24;n/a;BAZAR DE MARCAS SAS ; 169 466;GESTION GERENCIAL;CAJAS PARA GUARDAR HERRAMIENTA EN BODEGA 136;ENVASES Y EMPAQUES ;76164;
2018-07-03;4866;YENNY SOLORZANO HERNANDEZ ;CUENTA DE COBRO 010;GESTION GERENCIAL;GESTION Y ADMINISTRACION REDES SOCIALES ;EQUIPO DE COMPUTO Y COMUNICACION;500000;
2018-07-09;N/A;DAMARIS MONTOYA GALLEGO ;  09072018;GESTION MONFORTS;ALIMENTACION CADENA KRANTZ;ALIMENTACION;56000;
2018-07-07;N/A;MARIA NOHELIA PUERTA YEPES; 32159;GESTION MONFORTS;ALIMENTACION CADENA KRANTZ FABRICATO ;ALIMENTACION;19200;
2018-07-09;4870;ABRASIVOS DE COLOMBIA S.A. ;FACTURA MD 13483;GESTION MONFORTS;GRATAS ;MANTENIMIENTO CADENA;328705;
2018-07-05;N/A;INDUSTRIAL DE ALIMENTOS FLOREZ Y CIA S.A.S. ; 093062;GESTION MONFORTS;ALIMENTACION CADENA KRANTZ FABRICATO;MANTENIMIENTO CADENA;7800;
2018-07-16;4873;MONTACARGAS STAR SAS ;0691;GESTION DE SERVICIO AL CLIENTE;TRANSPORTE DE MAQUINAS 1814439-440-441;TRANSPORTE Y MOVIMIENTO;360000;
2018-07-16;4902;MONTACARGAS ITAGUI S.A.S. ;257952;GESTION DE SERVICIO AL CLIENTE;Descargar maquina 115892 cliente Jasatex;TRANSPORTE Y MOVIMIENTO;125000;
2018-07-05;N/A;MARIA NOHELIA PUERTA YEPES ; 31000;GESTION MONFORTS;ALIMENTACION CADENA KRANTZ FABRICATO;MANTENIMIENTO CADENA;11000;
2018-07-10;4894;AUTO GRUAS LA BAYADERA S.A.S ;5821;GESTION DE SERVICIO AL CLIENTE;TRANSPORTE MAQUINA PARA MARRES;TRANSPORTE Y MOVIMIENTO;400000;
2018-07-05;N/A;INDUSTRIAL DE ALIMENTOS FLOREZ Y CIA S.A.S. ; 093028;GESTION MONFORTS;ALIMENTACION TRABAJO FABRICATO ;ALIMENTACION;6000;
2018-07-18;N/A;WILSON EMILIO PELAEZ MARIN ; 18072018;GESTION MONFORTS;TRANSPORTE VISITA BOGOTA ;TRANSPORTE Y MOVIMIENTO;225000;
2018-07-12;N/A;INDUSTRIAL DE ALIMENTOS FLOREZ Y CIA S.A.S. ; 093614;GESTION MONFORTS;ALIMENTACION TRABAJOS FABRICATO;ALIMENTACION;7800;
2018-07-06;N/A;MARIA NOHELIA PUERTA YEPES; 31720;GESTION MONFORTS;ALIMETNACION CADENA KRANTZ;MANTENIMIENTO CADENA;30000;
2018-07-09;N/A;INDUSTRIAL DE ALIMENTOS FLOREZ Y CIA S.A.S. ; 093298;GESTION MONFORTS;ALIMENTACION TRABAJO FABRICATO ;ALIMENTACION;7800;
;;;;;;;;
2018-07-12;N/A;INDUSTRIAL DE ALIMENTOS FLOREZ Y CIA S.A.S.; 093622;GESTION MONFORTS;ALIMENTACION TRABAJO FABRICATO ;ALIMENTACION;3500;
2018-07-17;N/A;S.M TECNOLOGIA Y SUMINISTROS SAS ;3180;GESTION DE LAS TICS;TONER LASER 2 PISO;EQUIPO DE COMPUTO Y COMUNICACION;28000;
2018-07-13;N/A;INGENEUMATICA SAS ; I9746;GESTION DE SERVICIO AL CLIENTE;Acondicionamiento Bodega Juan botero.;MANTENIMIENTO Y ADECUACION BODEGAS;75000;
2018-07-11;N/A;SUPERTIENDAS Y DROGUERIAS OLIMPICA S.A. ; QE02 00020041;GESTION DEL TALENTO HUMANO;DESAYUNO ATENCION CLIENTES ;ALIMENTACION;12227;
2018-07-17;N/A;FIDEICOMISOS SOCIEDAD FIDUCIARIA DE OCCIDENTE SA ; NQA22 PAR I 3208810;GESTION MONFORTS;PEAJE VIATICOS VISITA CLIENTES BOGOTA;TRANSPORTE Y MOVIMIENTO;2500;
2018-07-10;4875;DAVID ALONSO SANCHEZ POSADA ;CUENTA DE COBRO 000150;GESTION DE ALMACEN;TRANSPORTE;TRANSPORTE Y MOVIMIENTO;445000;
2018-07-15;4883;CARLOS DEVIA ROJAS; 38062;GESTION DE LAS TICS;HOSTING DEL DOMINIO FUKUTEX.COM;HONORARIOS OTROS ADMINISTRACION ;300000;
2018-07-02;4891;IBM CAPITAL DE COLOMBIA SAS ;C3 7163;GESTION DE LAS TICS;ARRENDAMIENTO SERVIDOR  ;EQUIPO DE COMPUTO Y COMUNICACION;108645;
2018-07-12;N/A;INDUSTRIAL DE ALIMENTOS FLOREZ Y CIA S.A.S.; 093609;GESTION MONFORTS;ALIMENTACION TRABAJO FABRICATO;ALIMENTACION;7800;
2018-07-07;N/A;SODIMAC COLOMBIA S.A. ; 4404 0000275913;GESTION MONFORTS;BROCAS V TRABAJO EN FABRICATO ;REPOTENCIACION MAQUINA ;9200;
2018-07-18;N/A;INDUSTRIAL DE ALIMENTOS FLOREZ Y CIA S.A.S.; 094023;GESTION MONFORTS;ALIMENTACION TRABAJO FABRICATO FERNANDO BONILLA;ALIMENTACION;3600;
2018-07-12;N/A;INDUSTRIAL DE ALIMENTOS FLOREZ Y CIA S.A.S. ;I 093623;GESTION MONFORTS;ALIMENTACION TRABAJO FABRICATO;ALIMENTACION;22800;
2018-07-05;N/A;INDUSTRIAL DE ALIMENTOS FLOREZ Y CIA S.A.S. ; 093057;GESTION MONFORTS;ALIMETNACION TRABAJO FABRICATO;ALIMENTACION;7800;
2018-07-03;N/A;INDUSTRIAL DE ALIMENTOS FLOREZ Y CIA S.A.S. ; 092850;GESTION MONFORTS;ALIMENTACION TRABAJOS FABRICATO;ALIMENTACION;3200;
2018-07-23;4903;SOFTING SAS ;01675;GESTION DE LAS TICS;Hosting sitio web por 3 anos. Factura aprobada;TELEFONIA E INTERNET;980000;
2018-07-14;N/A;ALVARO JULIAN CHALARCA ESPINAL;7053;GESTION DE SERVICIO AL CLIENTE;MOVIMIENTO DE MESAS;TRANSPORTE Y MOVIMIENTO;3500;
2018-07-09;4880;MERCAFACIL INDUSTRIAL S.A.S. ; A 19531;GESTION DE ALMACEN;VENTILADOR ;INVENTARIO ;162500;
2018-07-04;N/A;REINEL HUMBERTO RODRIGUEZ MUNEVAR ; 3436;GESTION DEL TALENTO HUMANO;TORTA EMPLEADOS CUMPLEANOS;CELEBRACIONES FUKUTEX;15000;
;;;;;;;;
;;;;;;;;
2018-07-10;4895;ZOHO CORP;63906039;GESTION DE LAS TICS;MENSUALIDAD ZOHO;EQUIPO DE COMPUTO Y COMUNICACION;273703;
2018-07-02;N/A B;CLARO TELMEX COLOMBIA SA ;665790605;GESTION GERENCIAL;PAGO DE INTERNET BOGOTA ;TELEFONIA E INTERNET;92339;
2018-07-16;N/A;NDUSTRIAL DE ALIMENTOS FLOREZ Y CIA S.A.S. ; 093831;GESTION MONFORTS;ALIMENTACION TRABAJO FABRICATO FERNANDO BONILLA;ALIMENTACION;23400;
2018-07-09;N/A;MARIA NOHELIA PUERTA YEPES; 32485;GESTION MONFORTS;ALIMENTACION CADENA KRANTZ FABRICATO ;ALIMENTACION;10600;
;;;;;;;;
2018-07-11;N/A;MUNICIPIO DE ENVIGADO ; U 4781866;GESTION MONFORTS;PEAJE VISITA TINTATEX;TRANSPORTE Y MOVIMIENTO;7500;
2018-07-09;N/A;INDUSTRIAL DE ALIMENTOS FLOREZ Y CIA S.A.S. ; 093278;GESTION MONFORTS;ALIMENTACION TRABAJO FABRICATO;ALIMENTACION;9600;
2018-07-05;N/A;INDUSTRIAL DE ALIMENTOS FLOREZ Y CIA S.A.S. ; 093060;GESTION MONFORTS;ALIMENTACION CADENA KRANTZ FABRICATO;ALIMENTACION;3200;
2018-07-12;N/A;INDUSTRIAL DE ALIMENTOS FLOREZ Y CIA S.A.S. ; 093612;GESTION MONFORTS;ALIMENTACION TRABAJO FABRICATO;ALIMENTACION;7800;
2018-07-05;4877;FERRETERIA TORNILLOS Y ABRASIVOS S.A.S;94738;GESTION MONFORTS; TRABAJO FABRICATO 112.000 Y  CADENA KRANTZ 201.700;MANTENIMIENTO CADENA;313700;
;;;;;;;;
2018-07-19;N/A;TERMINAL SUR DE MEDELLIN P.H ; 856820;GESTION DEL TALENTO HUMANO;PARQUEADERO JAIRO ZAPATA;TRANSPORTE Y MOVIMIENTO;1400;
2018-07-03;N/A;SEGUROS GENERALES SURAMERICANA S.A. ; 06740622;GESTION GERENCIAL;Poliza de autos placa HXW635 ;POLIZA VEHICULO;4711869;
2018-07-09;N/A;INDUSTRIAL DE ALIMENTOS FLOREZ Y CIA S.A.S. ; 093313;GESTION MONFORTS;ALIMENTACION TRABAJOS FABRICATO ;ALIMENTACION;40800;
2018-07-01;4860;TELEGUARDIA;163496;GESTION GERENCIAL;MONITOREO ALARMA JULIO;EQUIPO DE COMPUTO Y COMUNICACION;247229;
;N/A;AVANTEL S.A.S FACTURA ;FCM 7436229;GESTION DE LAS TICS;SERVICIO INTERNET Y TELEFONIA;TELEFONIA E INTERNET;3728864;
2018-07-16;N/A;PROMOTORA DE CAFE COLOMBIA S.A ; T147 549592;GESTION MONFORTS; VIATICOS VISITA CLIENTES BOGOTA WILSON PELAEZ;ALIMENTACION;4700;
2018-07-07;N/A;MARIA NOHELIA PUERTA YEPES ; 32210;GESTION MONFORTS;ALIMENTACION CADENA KRANTZ FABRICATO;ALIMENTACION;7100;
;;;;;;;;
2018-07-06;N/A;MARIA NOHELIA PUERTA YEPES ; 31828;GESTION MONFORTS;ALIMENTACION CADENA KRANTZ;ALIMENTACION;22700;
2018-07-11;n/a;PATRIMONIOS AUTONOMOS FIDUCIARIA BOGOTA S.A; 0006804600;GESTION MONFORTS;PEAJE VIATICOS VISITA CRYSTAL ;TRANSPORTE Y MOVIMIENTO;11000;
;;;;GESTION GERENCIAL;;OTROS;;
2018-07-04;N/A;Expediente: MARIA BELARMINA GARCIA LOAIZA ; 47238;GESTION DEL TALENTO HUMANO;PARQUEADERO;TRANSPORTE Y MOVIMIENTO;900;
2018-07-13;N/A;GRUPO BASICO ; 3432;;;;;
2018-07-12;N/A;MARIA NOHELIA PUERTA YEPES FACTURA 34135; 34135;GESTION MONFORTS;ALIMENTACION CADENA KRANTZ FABRICATO ;ALIMENTACION;7200;
;4889;JOHN ALEXANDER ECHEVERRI ANGEL; 1816;GESTION DE ALMACEN;HOJAS FACTURAS FUKUHARA;PAPELERIA / ASEO ;1400000;
2018-07-04;4862;DAVID ALONSO SANCHEZ POSADA ;CUENTA DE COBRO 000147;GESTION DE ALMACEN;TRANSPORTE;TRANSPORTE Y MOVIMIENTO;735000;
;;;;;;;;
2018-07-10;N/A;INDUSTRIAL DE ALIMENTOS FLOREZ Y CIA S.A.S.; 093420;GESTION MONFORTS;ALIMETNACION TRABAJO FABRICATO ;ALIMENTACION;36600;
2019-07-10;4871;DARIO DE JESUS MOLINA ARANGO ;CUENTA DE COBRO 001;GESTION GERENCIAL;HONORARIOS ISO;HONORARIOS OTROS ADMINISTRACION ;900000;
2018-07-16;N/A;JAIRO DE JESUS ZAPATA ARROYAVE TRANSPORTE ; 16072018;GESTION DEL TALENTO HUMANO;TRASNPORTE  13 Y 14 DE JULIO JAIRO TENIA MOTO FALLANDO;TRANSPORTE Y MOVIMIENTO;53300;
2018-07-04;N/A;ELECTROINDUSTRIALES RM S.A.S.; FACTURA A 18532;GESTION DE SERVICIO AL CLIENTE;TABLERO, CAJA Y ENTRADA EMT;MANTENIMIENTO Y ADECUACION BODEGAS;36050;
2018-07-11;N/A;MARIA NOHELIA PUERTA YEPES ; 33629;GESTION MONFORTS;ALIMENTACION CADENA KRANTZ FABRICATO ;ALIMENTACION;11100;
2018-07-07;N/A;MARIA NOHELIA PUERTA YEPES ;MA 32201;GESTION MONFORTS;ALIMENTACION CADENA  KRANTZ;ALIMENTACION;6360;
2018-07-16;4888;MARTA LUCIA GOMEZ GOMEZ ;0444;GESTION DE ALMACEN;RESORTE TORSION INVENTARIO ;INVENTARIO ;150000;
2018-07-14;N/A;FERRETERIA TORNILLOS Y ABRASIVOS S.A.S ;CR 95058;GESTION MONFORTS;GUANTE Y ARANDELA ;MANTENIMIENTO CADENA;54400;
2018-07-17;N/A;FIDEICOMISOS SOCIEDAD FIDUCIARIA DE OCCIDENTE SA ;TIQUETE NQA16 PAR I 714524;GESTION MONFORTS;PEAJE VIATICOS VISITA CLIENTES BOGOTA;TRANSPORTE Y MOVIMIENTO;2500;
2018-07-13;4887;ABARROTES EL 27 S.A.S. ;PV2 27306;GESTION DE ALMACEN;PAPELERIA Y COSAS DE ASEO ;PAPELERIA / ASEO ;495194;
2018-07-10;N/A;FERRETERIA LA CHOZA SAS ; 733337;GESTION DE SERVICIO AL CLIENTE;CAJA DE SOBREPONER Y ESPARRGOS;MANTENIMIENTO Y ADECUACION BODEGAS;19400;
2018-07-05;N/A;ALBA ROSA GIRALDO TORO FACTURA 27242;ALBA ROSA GIRALDO TORO FACTURA 27242;GESTION MONFORTS;ALIMENTACION  CADENA KRANTZ;MANTENIMIENTO CADENA;46200;
2018-07-09;N/A;NDUSTRIAL DE ALIMENTOS FLOREZ Y CIA S.A.S. ; 093312;GESTION MONFORTS;ALIMENTACION TRABAJO FABRICATO ;ALIMENTACION;7800;
2018-07-13;N/A;MARIA NOHELIA PUERTA YEPES ; 34595;GESTION MONFORTS;ALIMENTACION  CADENA KRANTZ;ALIMENTACION;12100;
2018-07-17;N/A;FIDEICOMISOS SOCIEDAD FIDUCIARIA DE OCCIDENTE SA ; NQA22 PAR I 3207864;GESTION MONFORTS;PEAJE VIATICO WILSON PELAEZ VISITA A CLIENTES BOGOTA;TRANSPORTE Y MOVIMIENTO;2500;
;N/A;COMBUSTIBLES DE COLOMBIA S.A. ;520 00019416;GESTION DEL TALENTO HUMANO;CUPOS GASOLINA EMPLEADOS FUKUTEX ;TRANSPORTE Y MOVIMIENTO;333895;
2018-07-04;4869;MONTACARGAS ITAGUI S.A.S.; 257765;GESTION DE SERVICIO AL CLIENTE;MOVIMIENTO DE BODEGAS;TRANSPORTE Y MOVIMIENTO;187500;
;;;;;;;;
2018-07-13;N/A;CAMILO ARTURO CANO AGUDELO ;50575;GESTION DE SERVICIO AL CLIENTE;PLASTICO PARA TAPAR MAQUINAS;MANTENIMIENTO Y ADECUACION BODEGAS;26471;
2018-07-06;N/A;NORA ANGELICA URIBE ATEHORTUA ; 000003 9933;GESTION DEL TALENTO HUMANO;REFRIGERIO SEMINARIO 5 ESES;ALIMENTACION;57300;
2018-07-08;N/A;ABELGO S.A.S TIQUETE ; MLA304631;PRESIDENCIA;GASOLINA;TRANSPORTE Y MOVIMIENTO;109613;
2018-07-18;N/A;INDUSTRIAL DE ALIMENTOS FLOREZ Y CIA S.A.S.;IN 094006;GESTION MONFORTS;ALIMENTACION TRABAJO FABRICATO FERNANDO BONILLA;ALIMENTACION;13200;
2018-07-23;4900;MAQUINARIA INDUSTRIAL MAQUINAL S.A.S. ; P 061797;GESTION DE ALMACEN;CADENA MILIMETRICA REF. 001D08 para el cleinte CI EL GLOBO;INVENTARIO ;128100;
2018-12-07;4897;YEISON ALEJANDRO NORENA MARIN ;0126;GESTION DE SERVICIO AL CLIENTE;SERVICIO MAQUINADO ARO DE LEVAS CILINDRO ;REPOTENCIACION MAQUINA ;280000;
2018-07-16;N/A;HOTELES EL SALITRE SA; LOBB 113640;GESTION MONFORTS;ALIMENTACION VIATICOS VISITA CLIENTES BOGOTA WILSON PELAEZ;ALIMENTACION;74538;
2018-07-01;N/A;REALTY FYM CONSTRUCTORA INMOBILIARIA LTDA; 5907;GESTION GERENCIAL;ARRENDAMIENTO BOGOTA;ARRENDAMIENTO ;958179;
;;;;;;;;
2018-07-05;N/A;INDUSTRIAL DE ALIMENTOS FLOREZ Y CIA S.A.S. ; 093035;GESTION MONFORTS;ALIMENTACION VISITA TINTATEX Y FABRICATO;ALIMENTACION;16600;
2018-07-03;4858;MERCAFACIL INDUSTRIAL S.A.S. ; A 19462;GESTION DE SERVICIO AL CLIENTE;CABLE ENCAUCHETADO 4*12 ;MANTENIMIENTO Y ADECUACION BODEGAS;230895;
2018-07-18;N/A;INDUSTRIAL DE ALIMENTOS FLOREZ Y CIA S.A.S. ; 093813;GESTION MONFORTS;ALIMENTACION TRABAJO FABRICATO FERNANDO BONILLA;LINEA MONFORTS/FONGS;7800;
2018-07-03;N/;INDUSTRIAL DE ALIMENTOS FLOREZ Y CIA S.A.S. ;092859;GESTION MONFORTS;ALIMENTACION TRABAJO FABRICATO ;ALIMENTACION;31200;
2018-07-11;N/A;FIDEICOMISO DEVIMED ; 0006118709;GESTION MONFORTS;PEAJE VISITA TINTATEX;TRANSPORTE Y MOVIMIENTO;8500;
2018-07-13;N/A;DAMARIS MONTOYA GALLEGO ; 13072018;GESTION MONFORTS;ALIMENTACION CADENA KRANTZ;MANTENIMIENTO CADENA;49000;
2018-07-16;N/A;RESTCAFE S.A.S. ; P103 29543;GESTION MONFORTS;ALIMENTACION VIATICOS VISITA CLIENTES BOGOTA WILSON PELAEZ;ALIMENTACION;10000;
;;;;;;;;
;;;;;;;;
2018-07-05;N/A;NDUSTRIAL DE ALIMENTOS FLOREZ Y CIA S.A.S. ; 093068;GESTION MONFORTS;ALIMENTACION TRABAJO FABRICATO ;ALIMENTACION;44400;
2018-07-24;N/A;DEJENOS SERVIRLE S.A.S. ; M 1110624;GESTION DEL TALENTO HUMANO;PARQUEADERO JAIRO ZAPATA;TRANSPORTE Y MOVIMIENTO;850;
;;;;;;;;
2018-07-09;N/A;SEGUROS GENERALES SURAMERICANA SA; 13050;PRESIDENCIA;SOAT  BMW PLACA HXW635;POLIZA VEHICULO;742950;
2018-07-12;N/A;INDUSTRIAL DE ALIMENTOS FLOREZ Y CIA S.A.S. ; 093608;GESTION MONFORTS;ALIMENTACION TRABAJO FABRICATO ;;7800;
2018-07-10;N/A;MARIA NOHELIA PUERTA YEPES ; 33140;GESTION MONFORTS;ALIMENTACION CADENA KRANTZ FABRICATO;ALIMENTACION;17200;
;N/A;CENTRO DE ESPECIALISTAS EN SALUD OCUPACIONAL E.U. ;5791;GESTION DEL TALENTO HUMANO;SERVICIOS INTEGRALES PARA LA SALUD CYNTIA ;GASTOS MEDICOS;76000;
2018-07-05;4864;CENTRO DE ESTUDIOS TRIBUTARIOS Y COMERCIO EXTERIOR. CETEX ASESORES SAS ;FACTURA 983;GESTION DE COMPRAS Y COMERCIO EXTERIOR;SEMINARIO DE ACTUALIZACION REGIMEN CAMBIARIO;CAPACITACION PERSONAL ;335294;
2018-07-05;4898;ESSKA.UK MY PREFERRED SUPPLIER ;435642;GESTION MONFORTS;PISTOLAS PARA M-SABANETA;INVENTARIO ;558166;
2018-07-05;N/A;INDUSTRIAL DE ALIMENTOS FLOREZ Y CIA S.A.S. ; 093059;GESTION MONFORTS;ALIMENTACION  TRABAJO FABRICATO ;ALIMENTACION;15600;
2018-07-03;4863;NELSON ALEJANDRO BEDOYA FORONDA; FACTURA 124;PRESIDENCIA;MANTENIMIENTO VEHICULO CLIO JB0692;MANTENIMIENTO VEHICULO;635122;
2018-07-04;N/A;GLOBAL MENSAJERIA S.A.S ;MABF 240181;GESTION DE ALMACEN;MENSAJERIA ;TRANSPORTE Y MOVIMIENTO;111255;
2018-01-19;4901;MAQUINSSA S.A.S ;1279;GESTION DE ALMACEN;HUACALES;ENVASES Y EMPAQUES ;700000;
2018-07-13;N/A;MARIA NOHELIA PUERTA YEPES ; 34696;GESTION MONFORTS;ALIMENTACION CADENA KRANTZ;ALIMENTACION;13200;
2018-07-05;N/A;SEGUROS COMERCIALES BOLIVAR S.A POLIZA 1563 1343169 02; POLIZA 1563 1343169 02;GESTION GERENCIAL;PRIMA POLIZA DE TODO RIESGO MONTAJES DE MAQUINARIA RENOVACION ;SEGUROS TODO RIESGO MONTAJES;10000000;
2018-07-03;N/A;INDUSTRIAL DE ALIMENTOS FLOREZ Y CIA S.A.S.; 092858;GESTION MONFORTS;ALIMENTACION ;ALIMENTACION;3200;
2018-07-10;N/A;CARGAR S.A. ;CR 6077;GESTION DE SERVICIO AL CLIENTE;CARGAR MAQUINA DE MARRES GS1117091545;TRANSPORTE Y MOVIMIENTO;93600;
2018-07-12;N/A;CARGAR S.A. ;CR 6101;GESTION DE SERVICIO AL CLIENTE;MOVIMIENTO DE BODEGA ;MANTENIMIENTO Y ADECUACION BODEGAS;100000;
2018-07-17;N/A;CARGAR S.A. ;CR 6142;GESTION DE SERVICIO AL CLIENTE;CARGAR MAQUINAS ZUSATEX ;TRANSPORTE Y MOVIMIENTO;86400;
2018-07-09;N/A;JUAN DAVID RAMIREZ RAMIREZ; 545793;GESTION MONFORTS;ALIMENTACION CADENA KRANTZ FABRICATO;ALIMENTACION;3000;
2018-07-05;N/A;COMBUSTIBLES DE COLOMBIA S.A. CONSECUTIVO; 4835337;GESTION MONFORTS;DISEL  PARA LIMPIEZA CADENA KRANTZ SERIE 1028860;MANTENIMIENTO CADENA;43100;
2018-07-05;N/A;DEPOSITO DE MATERIALES LOS GIRALDO SAS FACTURA POS 106510;FACTURA POS 106510;GESTION DE SERVICIO AL CLIENTE;TORNILLO DE ENSAMBLE ;MANTENIMIENTO Y ADECUACION BODEGAS;45034;
2018-07-06;N/A;KOBA COLOMBIA S.A.S; F578 089194;GESTION DEL TALENTO HUMANO;DESAYUNO CAPACITACION 5 S;ALIMENTACION;11190;
2018-07-06;N/A;INDUSTRIAL DE ALIMENTOS FLOREZ Y CIA S.A.S. ; 093201;GESTION MONFORTS;ALIMENTACION TRABAJO FABRICATO ;ALIMENTACION;21200;
2018-07-09;N/A;GLOBAL MENSAJERIA S.A.S ;MABF 240636;GESTION DE ALMACEN;MENSAJERIA ;TRANSPORTE Y MOVIMIENTO;88938;
2018-07-04;N/A;FRANCISCO DARIO DE JESUS URIBE RUIZ; 160836;GESTION DE SERVICIO AL CLIENTE;THINNER, LIJAS, CINTAS Y REMOVEDOR;REPOTENCIACION MAQUINA ;120252;
2018-07-06;N/A;MARIA NOHELIA PUERTA YEPES ; 31640;GESTION MONFORTS;SLIMRNTACION CADENA  KRANTZ FABRICATO;MANTENIMIENTO CADENA;9600;
2018-07-04;N/A;LA JUGOSA S.A.S.; SAV 26997;GESTION MONFORTS;ALIMENTACION TRABAJO FABRICATO ;ALIMENTACION;36700;
2018-07-09;4872;AUDIOLUCES LIMITADA ;FACTURA INFB 30794;GESTION DE SERVICIO AL CLIENTE;CABLE POLO A TIERRA;INVENTARIO ;3782;
2018-07-04;N/A;FIDEICOMISO DEVIMED ; 0007856054;GESTION MONFORTS;ALIMENTACION VISITA CLIENTES  TINTATEX ;ALIMENTACION;11700;
;;;;;;;;
2018-07-12;4884;MERCAFACIL INDUSTRIAL S.A.S. ;A 19558;GESTION DE SERVICIO AL CLIENTE;BANDEJA Y CABLE ENCAUCHETADO MAQUINA DE JUAN PABLO BOTERO;REPOTENCIACION MAQUINA ;334530;
2018-07-11;N/A;LUZ MIRIAN TIRADO CARDENAS; 114775;GESTION DE SERVICIO AL CLIENTE;BOMBA AHORRADOR, CAUCHO PARA MAQUINA 1151892;REPOTENCIACION MAQUINA ;17647;
2018-07-17;N/A;IDEICOMISOS SOCIEDAD FIDUCIARIA DE OCCIDENTE SA ;NQA16 PAR I 715455;GESTION MONFORTS;PEAJE VIATICOS VISITA CLIENTES BOGOTA;TRANSPORTE Y MOVIMIENTO;2500;
2018-07-12;N/A;DEJENOS SERVIRLE S.A.S. ; M 1107121;GESTION DEL TALENTO HUMANO;PARQUEADERO MOTO JAIRO;TRANSPORTE Y MOVIMIENTO;700;
2018-07-13;N/A;TORNIMARKET LTDA ; CT 183905;GESTION MONFORTS;ARANDELAS CADENA KRANTZ FABRICATO;MANTENIMIENTO CADENA;16200;
2018-07-19;N/A;INDUSTRIAL DE ALIMENTOS FLOREZ Y CIA S.A.S.; 094167;GESTION MONFORTS;ALIMENTACION TRABAJO FABRICATO FERNANDO BONILLA;ALIMENTACION;15600;
2018-07-03;N/A ;FERRETERIA TORNILLOS Y ABRASIVOS S.A.S ;CR 94635;GESTION DE SERVICIO AL CLIENTE;Monarch XL-50 serial 235569. ;REPOTENCIACION MAQUINA ;63356;
2018-07-19;N/A;COMBUSTIBLES DE COLOMBIA S.A.;520 00019477;GESTION DEL TALENTO HUMANO;TRANSPORTE - GASOLINA;TRANSPORTE Y MOVIMIENTO;329871;
2018-07-12;N/A;INDUSTRIAL DE ALIMENTOS FLOREZ Y CIA S.A.S. ; 093611;GESTION MONFORTS;ALIMENTACION VIATICOS VISITA CLIENTES BOGOTA WILSON PELAEZ;ALIMENTACION;23400;
2018-07-18;N/A;SODIMAC COLOMBIA S.A. ; 4407 0000303800;GESTION MONFORTS;BUJE GALVANIZADO;REPOTENCIACION MAQUINA ;14400;
2018-07-10;4874;ANTIADHERENTES TECNICOS COLOMBIANOS S.A.S ;FACTURA 1103;GESTION MONFORTS;PIEZAS EMPATE;MANTENIMIENTO CADENA;1806000;
2018-07-07;N/A;RUTH ALICIA BERNAL ARCILA ;07072018;GESTION MONFORTS;ALIMENTACION  TRABAJO FABRICATO;ALIMENTACION;61900;
2018-07-12;N/A;ALBA ROSA GIRALDO TORO ; 27423;GESTION MONFORTS;ALIMENTACION CADENA KRANTZ FABRICATO ;ALIMENTACION;38200;
2018-07-04;N/A;INVERSIONES ARIAS SERNA S.A.S FACTURA K1 352810; K1 352810;GESTION MONFORTS;ALIMENTACION  VISITA CLIENTES TINTATEX;ALIMENTACION;22000;
2018-07-04;N/A;OSVALDO ALONSO VALDERRAMA GUERRA;0154446;GESTION MONFORTS;ALIMENTACION VISITAS CLIENTE TINTATEX;ALIMENTACION;91300;
2018-07-09;N/A;INDUSTRIAL DE ALIMENTOS FLOREZ Y CIA S.A.S.; 093301;GESTION MONFORTS;ALIMENTACION TRABAJO FABRICATO;ALIMENTACION;7800;
2018-06-10;4879;LUIS HERRERA VARGAS ; 48926;GESTION DE ALMACEN;CONECTORES ;INVENTARIO ;26890;
2018-07-12;N/A;NATALIA CARDONA SALAZAR ; CUENTA DE COBRO 12072018;GESTION GERENCIAL;CAPACITACION Y ASESORIA JURIDICA;HONORARIOS OTROS ADMINISTRACION ;1600000;
2018-07-12;N/A;INDUSTRIAL DE ALIMENTOS FLOREZ Y CIA S.A.S. ; 093593;GESTION MONFORTS;ALIMENTACION TRABAJO FABRICATO;ALIMENTACION;13700;
2018-07-09;N/A;ALMACENES EXITO S.A. ; 0095 0070622568;GESTION DEL TALENTO HUMANO;DOTACION JEANS CARREL VARIAS TALLAS;DOTACION ;99960;
2018-07-11;N/A;MARIA NOHELIA PUERTA YEPES; 33785;GESTION MONFORTS;ALIMENTACION CADENA KRANTZ FABRICATO ;MANTENIMIENTO CADENA;13800;
2018-07-10;N/A;JUAN DAVID RAMIREZ RAMIREZ ; 545898;GESTION MONFORTS;ALIMENTACION CADENA KRANTZ FABRICATO ;ALIMENTACION;55200;
2018-07-07;N/A;MARIA NOHELIA PUERTA YEPES ; 32160;GESTION MONFORTS;ALIMENTACION CADENA KRANTZ FABRICATO;ALIMENTACION;9000;
2018-07-17;4896;CARGAR;CR-6151;GESTION DE SERVICIO AL CLIENTE;CARGAR MAQUINAS JASATEX ;TRANSPORTE Y MOVIMIENTO;226400;
2018-07-02;N/A;GOBERNACION DE ANTIOQUIA ; 0000100041142;GESTION MONFORTS;ALIMENTACION VISITA TINTATEX;ALIMENTACION;7300;
2018-07-11;N/A;MARIA NOHELIA PUERTA YEPES ; 33715;GESTION MONFORTS;ALIMENTACION CADENA KRANTZ FABRICATO ;ALIMENTACION;74400;
;;;;;;;;
2018-07-16;4890;DAVID ALONSO SANCHEZ POSADA;000154;GESTION DE ALMACEN;TRANSPORTE ;TRANSPORTE Y MOVIMIENTO;690000;
2018-07-17;N/A;SODIMAC COLOMBIA S.A. ; 4024 0000234390;GESTION GERENCIAL;ROLO DE ESPUMA Y  PLASTICO BURBUJA;ENVASES Y EMPAQUES ;90500;
2018-07-12;4892;FERRETERIA TORNILLOS Y ABRASIVOS S.A.S FACTURA CR 94981;CR 94981;GESTION MONFORTS;UNILENTE, GUANTES Y GAFA;MANTENIMIENTO CADENA;419172;
2018-07-01;4885;EXPERIAN COLOMBIA S.A. ;DO 5346631;GESTION DE LAS TICS;ARRENDAMIENTO SERVIDOR  ;EQUIPO DE COMPUTO Y COMUNICACION;594244;
2018-07-09;N/A;TCC S.A.S ;PABF 620338;GESTION DE ALMACEN;MENSAJERIA ;TRANSPORTE Y MOVIMIENTO;221228;
2018-07-16;4886;A SELLASEG INGENIERIA S.A.S.;59731;GESTION DE ALMACEN;BANDA DE CAUCHO Y NITRILO;INVENTARIO ;250000;
2018-07-13;N/A;FABRICA DE CAFE DON QUIJOTE S.A.S. F; SAS 90494;GESTION DEL TALENTO HUMANO;CAFE MOLIENDA MEDIA ;PAPELERIA / ASEO ;68762;
2018-07-16;N/A;INDUSTRIAL DE ALIMENTOS FLOREZ Y CIA S.A.S. ; 093818;GESTION MONFORTS;ALIMENTACION TRABAJO FABRICATO FERNANDO BONILLA;ALIMENTACION;23400;
2018-07-05;N/A;ELECTROINDUSTRIALES RM S.A.S. ;FACTURA A 18549;GESTION DE SERVICIO AL CLIENTE;TORNILLOS, CAJA, ENTRADA, UNION Y ALAMBRE;MANTENIMIENTO Y ADECUACION BODEGAS;27143;
2018-07-18;N/A;INVERSIONES RIOS GALLEGO SAS ; S04 1937;GESTION DEL TALENTO HUMANO;CANELA ASTILLA;PAPELERIA / ASEO ;14950;
2018-07-17;N/A;DEJENOS SERVIRLE S.A.S.; M 1108675;GESTION DEL TALENTO HUMANO;PARQUEADERO JAIRO ZAPATA;TRANSPORTE Y MOVIMIENTO;700;
2018-07-04;N/A;MARTHA LUCIA CUARTAS VANEGAS; 220514;GESTION DEL TALENTO HUMANO;AUTENTICACIONES;OTROS;4712;
2018-07-19;N/A;MARIA BELARMINA GARCIA LOAIZA; 51258;GESTION DEL TALENTO HUMANO;PARQUEADERO JAIRO ZAPATA;TRANSPORTE Y MOVIMIENTO;900;
